[
    {
        "package": "Classic Photo & Video",
        "price": 0.4,
        "Pic": 241,
        "description": "user feedback",
        "ratting": "0.3"
    },
    
    {
        "package": "Expressions Photo & Video",
        "price": 0.3,
        "Pic": 241,
        "description": "user feedback",
        "ratting": "0.3"
    },
    
    {
        "package": "Exclusive Photo & Video",
        "price": 0.5,
        "Pic": 241,
        "description": "user feedback",
        "ratting": "0.3"
    },
    
    {
        "package": "Storytelling Photo & Video",
        "price": 0.2,
        "Pic": 241,
        "description": "user feedback",
        "ratting": "0.3"
    },
    
    {
        "package": "cupple photoshoot & Video",
        "price": 0.1,
        "Pic": 241,
        "description": "user feedback",
        "ratting": "0.3"
    },
    
    {
        "package": "family photoshoot",
        "price": 0.4,
        "Pic": 241,
        "description": "user feedback",
        "ratting": "0.3"
    }
    
]





