[
    {  "id":1,
        "price":1000, 
        "name": "food avertising",
        "description":"Lorem isfdadgld fnli dfsagsssssssssssssssssssssssssa",
        "img":"https://www.packshotfactory.co.uk/media/img/s_rgb/001424_tnm.jpg"},

    {   "id":2,
        "name": "drink avertising",
        "price":1000,
         "description":"Lorem isfdadgld fnli dfsagsssssssssssssssssssssssssa",
         "img":"https://www.packshotfactory.co.uk/media/img/s_rgb/001007_tnm.jpg"},

    {   "id":3,
        "name": "Liquid & smoke advertising",
        "price":1000, "description":
        "Lorem isfdadgld fnli dfsagsssssssssssssssssssssssssa",
        "img":"https://www.packshotfactory.co.uk/media/img/s_rgb/002288_tnm.jpg"},
    {   "id":4,
        "name": "Watches advertising",
        "price":1000,
        "description":"Lorem isfdadgld fnli dfsagsssssssssssssssssssssssssa",
        "img":"https://www.packshotfactory.co.uk/media/img/s_rgb/001364_tnm.jpg"},
    {   "id":5,
        "name": "Jwellarry avertising",
        "price":1000,
         "description":"Lorem isfdadgld fnli dfsagsssssssssssssssssssssssssa",
         "img":"https://www.packshotfactory.co.uk/media/img/s_rgb/002029_tnm.jpg"},
         {   "id":6,
            "name": "Fashion advertising",
            "price":1000,
            "description":"Lorem isfdadgld fnli dfsagsssssssssssssssssssssssssa",
            "img":"https://www.packshotfactory.co.uk/media/img/s_rgb/002815_tnm.jpg"}
            ,
         {   "id":7,
            "name": "Cosmatics advertising",
            "price":1000,
            "description":"Lorem isfdadgld fnli dfsagsssssssssssssssssssssssssa",
            "img":"https://www.packshotfactory.co.uk/media/img/s_rgb/002529_tnm.jpg"}
            ,
         {   "id":8,
            "name": "Artwork advertising",
            "price":1000,
            "description":"Lorem isfdadgld fnli dfsagsssssssssssssssssssssssssa",
            "img":"https://www.packshotfactory.co.uk/media/img/s_rgb/001358_tnm.jpg"}
            ,
         {   "id":9,
            "name": "Other products advertising",
            "price":1000,
            "description":"Lorem isfdadgld fnli dfsagsssssssssssssssssssssssssa",
            "img":"https://www.packshotfactory.co.uk/media/img/s_rgb/002345_tnm.jpg"}
]